[{"introduction":"字","title":"2012-02-12","url":"2012-02-12-字.jpg"},{"introduction":"乌鸦说，不要拥抱，那是过于轻率的青春，不如拉着手，从西门走到南门，从路灯走到大树，成为见面互做鬼脸的好朋友。","title":"2012-03-07","url":"2012-03-07-乌鸦说，不要拥抱，那是过于轻率的青春，不如拉着手，从西门走到南门，从路灯走到大树，成为见面互做鬼脸的好朋友。.jpg"},{"introduction":"原谅我这一生不羁放纵爱自由，也会怕有一天会跌倒…","title":"2012-03-09","url":"2012-03-09-原谅我这一生不羁放纵爱自由，也会怕有一天会跌倒….jpg"},{"introduction":"安咯","title":"2012-03-20","url":"2012-03-20-安咯.jpg"},{"introduction":"作为爸妈听话的“小屁孩”，当自己也有个小屁乖乖(阿丑)时，是不是该很激动⊙﹏⊙~","title":"2012-03-25","url":"2012-03-25-作为爸妈听话的“小屁孩”，当自己也有个小屁乖乖(阿丑)时，是不是该很激动⊙﹏⊙~.jpg"},{"introduction":"白天晒被子，晚上数羊儿。。。","title":"2012-03-26","url":"2012-03-26-白天晒被子，晚上数羊儿。。。.jpg"},{"introduction":"仰着头，安静一会儿~","title":"2012-03-30","url":"2012-03-30-仰着头，安静一会儿~.jpg"},{"introduction":"时间，慢点走，赶你的人快吃不消了……","title":"2012-04-04","url":"2012-04-04-时间，慢点走，赶你的人快吃不消了…….jpg"},{"introduction":"珍重！","title":"2012-04-06","url":"2012-04-06-珍重！.jpg"},{"introduction":"数羊。。。","title":"2012-04-10","url":"2012-04-10-数羊。。。.jpg"},{"introduction":"自己后来一想，能在每天的开始睡个好觉，确实该是美好的一天。","title":"2012-04-13","url":"2012-04-13-自己后来一想，能在每天的开始睡个好觉，确实该是美好的一天。.jpg"},{"introduction":"为什么又看到一条更远的路，掀起又一次的波澜……","title":"2012-04-14","url":"2012-04-14-为什么又看到一条更远的路，掀起又一次的波澜…….jpg"},{"introduction":"今天南站偶遇小情侣，羡慕ing……又是美好的一天~","title":"2012-04-15","url":"2012-04-15-今天南站偶遇小情侣，羡慕ing……又是美好的一天~.jpg"},{"introduction":"江郎才尽几天~","title":"2012-04-16","url":"2012-04-16-江郎才尽几天~.jpg"},{"introduction":"一不小心溜达到了杜莎蜡像馆，一不小心忘了吃晚饭，一不小心肚子饿的受不了，又一不小心发条说说转移下视线：窗外淅沥的雨晚安，黑漆漆的夜空晚安","title":"2012-04-21","url":"2012-04-21-一不小心溜达到了杜莎蜡像馆，一不小心忘了吃晚饭，一不小心肚子饿的受不了，又一不小心发条说说转移下视线：窗外淅沥的雨晚安，黑漆漆的夜空晚安.jpg"},{"introduction":"要有骨头的坚毅，就像高尔基笔中的海鸥，这是青春固有的美丽——致常常哭泣的朋友","title":"2012-04-22","url":"2012-04-22-要有骨头的坚毅，就像高尔基笔中的海鸥，这是青春固有的美丽——致常常哭泣的朋友.jpg"},{"introduction":"多喝点儿白开水，烫烫嘴巴，心情就会变好了。","title":"2012-04-29","url":"2012-04-29-多喝点儿白开水，烫烫嘴巴，心情就会变好了。.jpg"},{"introduction":"改明儿有机会一起看《大话西游》","title":"2012-04-30","url":"2012-04-30-改明儿有机会一起看《大话西游》.jpg"},{"introduction":"蓝色花瓣","title":"2012-05-03","url":"2012-05-03-蓝色花瓣.png"},{"introduction":"在我眼里，你是一朵还未涂色的“七色”小花儿~","title":"2012-05-03","url":"2012-05-03-在我眼里，你是一朵还未涂色的“七色”小花儿~.png"},{"introduction":"黄色花心","title":"2012-05-04","url":"2012-05-04-黄色花心.png"},{"introduction":"紫色花瓣","title":"2012-05-05","url":"2012-05-05-紫色花瓣.png"},{"introduction":"十五月儿高高悬，没知没觉一tian天，想入非非到当年，才发现已是好久不见，","title":"2012-05-06","url":"2012-05-06-十五月儿高高悬，没知没觉一tian天，想入非非到当年，才发现已是好久不见，.png"},{"introduction":"几乎每天早上，太阳刚刚发出点光芒，一只鸟儿便开始吟唱我真的很想你。。。往往，我看看时间还早，便继续睡觉。","title":"2012-05-07","url":"2012-05-07-几乎每天早上，太阳刚刚发出点光芒，一只鸟儿便开始吟唱我真的很想你。。。往往，我看看时间还早，便继续睡觉。.png"},{"introduction":"谁知道后来还要又多少次熬夜呢，但是一点哪怕最后一无所有，但至少，我的青春是奋斗的，是拼搏的，是从未恐惧和从未退缩的！","title":"2012-05-08","url":"2012-05-08-谁知道后来还要又多少次熬夜呢，但是一点哪怕最后一无所有，但至少，我的青春是奋斗的，是拼搏的，是从未恐惧和从未退缩的！.png"},{"introduction":"有时候，我也不知道自己在仰望些什么……","title":"2012-05-11","url":"2012-05-11-有时候，我也不知道自己在仰望些什么…….png"},{"introduction":"当你们两个人的时候，请不要轻易说分手，且去包容、改变、承担、寻找浪漫~","title":"2012-05-11","url":"2012-05-11-当你们两个人的时候，请不要轻易说分手，且去包容、改变、承担、寻找浪漫~.png"},{"introduction":"据说能带来好运，加油！","title":"2012-05-18","url":"2012-05-18-据说能带来好运，加油！.png"},{"introduction":"又是下雨天，她静静地走过身边，撑着伞，伞后有美丽的容颜。","title":"2012-05-20","url":"2012-05-20-又是下雨天，她静静地走过身边，撑着伞，伞后有美丽的容颜。.png"},{"introduction":"一开始，她的亮光让我无法入眠，无奈，痛苦；后来，习惯了每天睡前倚着墙壁看看她，温馨，自在。很快乐的是，每每我在黑暗中看着她，她却总能发现我的眼睛。","title":"2012-05-20","url":"2012-05-20-一开始，她的亮光让我无法入眠，无奈，痛苦；后来，习惯了每天睡前倚着墙壁看看她，温馨，自在。很快乐的是，每每我在黑暗中看着她，她却总能发现我的眼睛。.png"},{"introduction":"原来这样，原来是这样，原来真的是这样！","title":"2012-06-11","url":"2012-06-11-原来这样，原来是这样，原来真的是这样！.png"},{"introduction":"早安早安，又见你的笑颜；当乌云遮住眼睑，心里的小世界在晴天~","title":"2012-06-21","url":"2012-06-21-早安早安，又见你的笑颜；当乌云遮住眼睑，心里的小世界在晴天~.png"},{"introduction":"那些开始时被外人嘲笑丑陋的“理想之花”，当不放弃坚持为她涂上最后一笔色彩，再凝视看时，却总被她的绚丽而感动——“理想之花”是靠一步步、一笔笔的坚持生成的~","title":"2012-06-22","url":"2012-06-22-那些开始时被外人嘲笑丑陋的“理想之花”，当不放弃坚持为她涂上最后一笔色彩，再凝视看时，却总被她的绚丽而感动——“理想之花”是靠一步步、一笔笔的坚持生成的~.png"},{"introduction":"上世纪中后期的艺术作品，从诗歌到歌曲，从小说到绘画，均透露着同一种特质——浪漫主义的坚毅~~~","title":"2012-06-26","url":"2012-06-26-上世纪中后期的艺术作品，从诗歌到歌曲，从小说到绘画，均透露着同一种特质——浪漫主义的坚毅~~~.png"},{"introduction":"有一种感觉，是一种残缺的美，就像叶子飘落、花儿凋零一样，我们都知道——这是一种成长。","title":"2012-07-09","url":"2012-07-09-有一种感觉，是一种残缺的美，就像叶子飘落、花儿凋零一样，我们都知道——这是一种成长。.png"},{"introduction":"雨夜里的流星","title":"2012-08-07","url":"2012-08-07-雨夜里的流星.png"},{"introduction":"小蚊子","title":"2012-08-10","url":"2012-08-10-小蚊子.png"},{"introduction":"其实我一直在想，那个朦胧的背影到底美丽在什么地方。","title":"2012-09-03","url":"2012-09-03-其实我一直在想，那个朦胧的背影到底美丽在什么地方。.png"},{"introduction":"有时候，寻着寻着，她就不见了。。。","title":"2012-09-06","url":"2012-09-06-有时候，寻着寻着，她就不见了。。。.png"},{"introduction":"想听音乐了，怎么办⊙﹏⊙？","title":"2012-09-15","url":"2012-09-15-想听音乐了，怎么办⊙﹏⊙？.png"},{"introduction":"有朋友用惋惜的语气问候我，其实哪有什么惋惜的事情。看那儿，那片金灿灿的地方，依然没变，是我的目的地~","title":"2012-09-26","url":"2012-09-26-有朋友用惋惜的语气问候我，其实哪有什么惋惜的事情。看那儿，那片金灿灿的地方，依然没变，是我的目的地~.png"},{"introduction":"月悬高楼上，虫鸣草丛间；不愿急归去，小子在考研。","title":"2012-09-27","url":"2012-09-27-月悬高楼上，虫鸣草丛间；不愿急归去，小子在考研。.png"},{"introduction":"之前图书馆三楼晚上关门的信号是放钢琴曲《爱的纪念》，期间经过几天的装修改造，这天晚上去自习一直不想走，想听听音乐，最后却是大妈直接赶着走。问旁边的同学才知道：喇叭坏了→_→","title":"2012-10-14","url":"2012-10-14-之前图书馆三楼晚上关门的信号是放钢琴曲《爱的纪念》，期间经过几天的装修改造，这天晚上去自习一直不想走，想听听音乐，最后却是大妈直接赶着走。问旁边的同学才知道：喇叭坏了→_→.png"},{"introduction":"我才发现，貌似我们的个头都已经长大了⊙▽⊙！不过还都有孩子的幼稚","title":"2012-10-19","url":"2012-10-19-我才发现，貌似我们的个头都已经长大了⊙▽⊙！不过还都有孩子的幼稚.png"},{"introduction":"图片里的星星很漂亮，却更喜欢夜空里的璀璨；过了一些时间发现，无论什么时候都是——星星闪啊闪。","title":"2012-10-31","url":"2012-10-31-图片里的星星很漂亮，却更喜欢夜空里的璀璨；过了一些时间发现，无论什么时候都是——星星闪啊闪。.png"},{"introduction":"梦里花落知多少，不见容颜，思忧心头绕。自行车前后，游哉天涯海角。","title":"2012-11-08","url":"2012-11-08-梦里花落知多少，不见容颜，思忧心头绕。自行车前后，游哉天涯海角。.png"},{"introduction":"有时候，希望自己生活在一个没有电话、没有网络的世界里，这样或许有些距离会显得更近。","title":"2012-11-19","url":"2012-11-19-有时候，希望自己生活在一个没有电话、没有网络的世界里，这样或许有些距离会显得更近。.png"},{"introduction":"读书的烦恼","title":"2012-11-30","url":"2012-11-30-读书的烦恼.png"},{"introduction":"没有书信的年代里，多少感觉不到当年的青春。。大家忙啊忙啊忙啊，该是孤独了多少人，错过了多少真……","title":"2012-11-30","url":"2012-11-30-没有书信的年代里，多少感觉不到当年的青春。。大家忙啊忙啊忙啊，该是孤独了多少人，错过了多少真…….png"},{"introduction":"取舍不易简单如生活，复杂如生活。","title":"2012-12-12","url":"2012-12-12-取舍不易简单如生活，复杂如生活。.png"},{"introduction":"距离得再远，脚下有路连着我们。再见，我的大学！再见，我的青春！再见了，亲爱的人！——《我还会回来的！》","title":"2013-02-26","url":"2013-02-26-距离得再远，脚下有路连着我们。再见，我的大学！再见，我的青春！再见了，亲爱的人！——《我还会回来的！》.jpg"},{"introduction":"既然进去了，那就不想出来的事情。","title":"2013-03-04","url":"2013-03-04-既然进去了，那就不想出来的事情。.jpg"},{"introduction":"好久好久 我已听得见你的模样 被吹倒的日子里 至少有你在我身旁 ——《慢节奏》","title":"2013-03-15","url":"2013-03-15-好久好久 我已听得见你的模样 被吹倒的日子里 至少有你在我身旁 ——《慢节奏》.jpg"},{"introduction":"陌生人，我也为你祝福。 ——海子《面朝大海，春暖花开》","title":"2013-03-29","url":"2013-03-29-陌生人，我也为你祝福。 ——海子《面朝大海，春暖花开》.jpg"},{"introduction":"从今天起，把远大理想捏碎放在口袋里，做一个平凡的人。","title":"2013-04-03","url":"2013-04-03-从今天起，把远大理想捏碎放在口袋里，做一个平凡的人。.jpg"},{"introduction":"清明假期结束","title":"2013-04-06","url":"2013-04-06-清明假期结束.png"},{"introduction":"奇怪的很，转眼间已好久不见；奇怪的很，见到了也不愿聊天；奇怪的很……","title":"2013-04-12","url":"2013-04-12-奇怪的很，转眼间已好久不见；奇怪的很，见到了也不愿聊天；奇怪的很…….png"},{"introduction":"空白","title":"2013-04-16","url":"2013-04-16-空白.png"},{"introduction":"早飞会儿","title":"2013-04-16","url":"2013-04-16-早飞会儿.png"},{"introduction":"逃","title":"2013-04-29","url":"2013-04-29-逃.png"},{"introduction":"一个无人光顾的座椅——生活在继续，大家不止息地忙碌，，，什么时候自己也成了大家中的一员。。。——《我恨我爱》","title":"2013-04-29","url":"2013-04-29-一个无人光顾的座椅——生活在继续，大家不止息地忙碌，，，什么时候自己也成了大家中的一员。。。——《我恨我爱》.png"},{"introduction":"曾经发生过的事情不会忘记,只是想不起来而已-《千与千寻》","title":"2013-05-17","url":"2013-05-17-曾经发生过的事情不会忘记,只是想不起来而已-《千与千寻》.jpg"},{"introduction":"假如路没有尽头，我陪你一个笑脸。——我又回来了，这次给个正脸~","title":"2013-05-22","url":"2013-05-22-假如路没有尽头，我陪你一个笑脸。——我又回来了，这次给个正脸~.png"},{"introduction":"我在做一个梦，梦里的我们无所不能。嘘——","title":"2013-05-23","url":"2013-05-23-我在做一个梦，梦里的我们无所不能。嘘——.png"},{"introduction":"睡眠不足的程度已经到了如此境界——闭上眼睛就是天黑。。。","title":"2013-05-27","url":"2013-05-27-睡眠不足的程度已经到了如此境界——闭上眼睛就是天黑。。。.png"},{"introduction":"阳台，栏杆，半明月——《夏天の味道》","title":"2013-05-29","url":"2013-05-29-阳台，栏杆，半明月——《夏天の味道》.png"},{"introduction":"有时候忍不住就手痒了。。。我想说的是，那些和最喜欢的女孩一起看日出的憧憬，都已变做晨风中的记忆。慢慢地淡忘，慢慢地淡忘，随着大学的结束，随着日出日落……","title":"2013-06-03","url":"2013-06-03-有时候忍不住就手痒了。。。我想说的是，那些和最喜欢的女孩一起看日出的憧憬，都已变做晨风中的记忆。慢慢地淡忘，慢慢地淡忘，随着大学的结束，随着日出日落…….png"},{"introduction":"估计是这个道理~","title":"2013-06-06","url":"2013-06-06-估计是这个道理~.png"},{"introduction":"道一声珍重，道一声珍重……《沙扬娜拉》安~","title":"2013-06-09","url":"2013-06-09-道一声珍重，道一声珍重……《沙扬娜拉》安~.png"},{"introduction":"孤独是一种普遍现象，我们唯一能做的——去面对，去成长，去享受。你可以永远相信，总有一天，你的朋友会回到你的身边，你也终于不再是一个人在前行。加油！","title":"2013-06-21","url":"2013-06-21-孤独是一种普遍现象，我们唯一能做的——去面对，去成长，去享受。你可以永远相信，总有一天，你的朋友会回到你的身边，你也终于不再是一个人在前行。加油！.png"},{"introduction":"律动（姨表妹）","title":"2013-07-08","url":"2013-07-08-律动（姨表妹）.png"},{"introduction":"蝉鸣阵阵风，鸟唱恋人情；仰卧竹席上，何妨比天蓬","title":"2013-07-15","url":"2013-07-15-蝉鸣阵阵风，鸟唱恋人情；仰卧竹席上，何妨比天蓬.png"},{"introduction":"晨风吹起尘无数，一场春梦了无痕。","title":"2013-07-18","url":"2013-07-18-晨风吹起尘无数，一场春梦了无痕。.png"},{"introduction":"去大连","title":"2013-07-20","url":"2013-07-20-去大连.png"},{"introduction":"跟小时候不一样，现在写日记的内容，都得经过一定的加密，好像对它也不诚实了。不知道是秘密多了，还是自己变坏了，还是别人变坏了","title":"2013-07-23","url":"2013-07-23-跟小时候不一样，现在写日记的内容，都得经过一定的加密，好像对它也不诚实了。不知道是秘密多了，还是自己变坏了，还是别人变坏了.png"},{"introduction":"紫薇花开五月中，七夕临近未凋零。心中祈盼阵阵雨，奈何申城处处晴","title":"2013-07-31","url":"2013-07-31-紫薇花开五月中，七夕临近未凋零。心中祈盼阵阵雨，奈何申城处处晴.png"},{"introduction":"吃不下饭，睡不着觉，下载不了论文，平静不了内心，不消停","title":"2013-08-10","url":"2013-08-10-吃不下饭，睡不着觉，下载不了论文，平静不了内心，不消停.png"},{"introduction":"海上生明月，天涯沦落人。","title":"2013-08-13","url":"2013-08-13-海上生明月，天涯沦落人。.png"},{"introduction":"小说里的真爱大都“自然而然，水到渠成”。懂的人沉默，不懂的人哑然，但愿人长久","title":"2013-08-14","url":"2013-08-14-小说里的真爱大都“自然而然，水到渠成”。懂的人沉默，不懂的人哑然，但愿人长久.png"},{"introduction":"电脑&人，启动修复中……","title":"2013-08-24","url":"2013-08-24-电脑&人，启动修复中…….png"},{"introduction":"有那么一条路，有尽头或者无尽头，哪怕有一天你倒下了，但是你的脑袋依然是指着路延伸的方向，你毫无怨言。我在努力！","title":"2013-08-25","url":"2013-08-25-有那么一条路，有尽头或者无尽头，哪怕有一天你倒下了，但是你的脑袋依然是指着路延伸的方向，你毫无怨言。我在努力！.png"},{"introduction":"那一天，我以为懂得了这个世界；后来发现，脚下一直是磕磕绊绊。","title":"2013-08-26","url":"2013-08-26-那一天，我以为懂得了这个世界；后来发现，脚下一直是磕磕绊绊。.png"},{"introduction":"一滴水","title":"2013-08-28","url":"2013-08-28-一滴水.png"},{"introduction":"你若安好，便是晴天。","title":"2013-08-29","url":"2013-08-29-你若安好，便是晴天。.png"},{"introduction":"故事总有发展，也总有结局。","title":"2013-09-19","url":"2013-09-19-故事总有发展，也总有结局。.png"},{"introduction":"大朋友小朋友老朋友新朋友们儿，诸位中秋节快乐~","title":"2013-09-19","url":"2013-09-19-大朋友小朋友老朋友新朋友们儿，诸位中秋节快乐~.png"},{"introduction":"败了。。。","title":"2013-09-24","url":"2013-09-24-败了。。。.png"},{"introduction":"触景生情，旧事重提。","title":"2013-09-25","url":"2013-09-25-触景生情，旧事重提。.png"},{"introduction":"放假就真的有放假的快乐。放假的节奏，是可以抽出时间来思考的节奏，比如说明天早上或许可以买两个萝卜丝包外加一个白煮蛋，如果可以的话，再买一碗八宝粥，这次多放点糖。","title":"2013-10-03","url":"2013-10-03-放假就真的有放假的快乐。放假的节奏，是可以抽出时间来思考的节奏，比如说明天早上或许可以买两个萝卜丝包外加一个白煮蛋，如果可以的话，再买一碗八宝粥，这次多放点糖。.png"},{"introduction":"相聚离开，都有时候，没有什么是永垂不朽。","title":"2013-10-09","url":"2013-10-09-相聚离开，都有时候，没有什么是永垂不朽。.png"},{"introduction":"时光不再啊，时光不再-只有自己为自己喝彩-只有自己为自己悲哀——李宗盛-寂寞难耐","title":"2013-10-12","url":"2013-10-12-时光不再啊，时光不再-只有自己为自己喝彩-只有自己为自己悲哀——李宗盛-寂寞难耐.png"},{"introduction":"好梦，安哈~","title":"2013-10-19","url":"2013-10-19-好梦，安哈~.png"},{"introduction":"好梦，安~","title":"2013-10-28","url":"2013-10-28-好梦，安~.png"},{"introduction":"走吧，走吧-不要再犹豫-走吧，走吧-生活会一直继续-过去不会消失-我们该笑着离去","title":"2013-10-29","url":"2013-10-29-走吧，走吧-不要再犹豫-走吧，走吧-生活会一直继续-过去不会消失-我们该笑着离去.png"},{"introduction":"无源烦","title":"2013-11-02","url":"2013-11-02-无源烦.png"},{"introduction":"室友看越狱，我睡觉。诸位好梦，安~","title":"2013-11-06","url":"2013-11-06-室友看越狱，我睡觉。诸位好梦，安~.png"},{"introduction":"每次都感觉长大了，但是盲目的心、躁动的心，从没有停息。未来虽在前方，我却只能肯定自己的过往，奋斗吧少年！","title":"2013-11-08","url":"2013-11-08-每次都感觉长大了，但是盲目的心、躁动的心，从没有停息。未来虽在前方，我却只能肯定自己的过往，奋斗吧少年！.png"},{"introduction":"如果有一天-我悄然离去-请记得珍藏-那些我们的回忆","title":"2013-11-12","url":"2013-11-12-如果有一天-我悄然离去-请记得珍藏-那些我们的回忆.png"},{"introduction":"大学四年留下的唯一两点痕迹：追过的女孩&信工092那帮jbds们","title":"2013-11-21","url":"2013-11-21-大学四年留下的唯一两点痕迹：追过的女孩&信工092那帮jbds们.png"},{"introduction":"I AM CRAZY,SO WHAT","title":"2013-11-23","url":"2013-11-23-I AM CRAZY,SO WHAT.png"},{"introduction":"冬日银杏-1","title":"2013-11-30","url":"2013-11-30-冬日银杏-1.png"},{"introduction":"成长是一个不断伤害和被伤害的过程；生活是一个不断防伤害和防被伤害的过程。","title":"2013-11-30","url":"2013-11-30-成长是一个不断伤害和被伤害的过程；生活是一个不断防伤害和防被伤害的过程。.png"},{"introduction":"那个时候，我们都还没有变得成熟，在成长的路途中，不经意的擦肩而过；遗憾的是擦肩后，既不能成为新朋友，也不是老朋友。","title":"2013-12-08","url":"2013-12-08-那个时候，我们都还没有变得成熟，在成长的路途中，不经意的擦肩而过；遗憾的是擦肩后，既不能成为新朋友，也不是老朋友。.png"},{"introduction":"浪漫是个高水平技术活，关于它，有的人想象力好，有的人实践力好，貌似我属于前者。","title":"2013-12-15","url":"2013-12-15-浪漫是个高水平技术活，关于它，有的人想象力好，有的人实践力好，貌似我属于前者。.png"},{"introduction":"路边的少年","title":"2014-01-02","url":"2014-01-02-路边的少年.png"},{"introduction":"","title":"2014-01-07","url":"2014-01-07.JPG"},{"introduction":"吃完饭回办公室，发现西边的太阳又大又红，悬在光秃秃的树枝后面，仿佛平铺在蓝色画布上的漫画。于是乎，我给他来了个素描~","title":"2014-01-12","url":"2014-01-12-吃完饭回办公室，发现西边的太阳又大又红，悬在光秃秃的树枝后面，仿佛平铺在蓝色画布上的漫画。于是乎，我给他来了个素描~.png"},{"introduction":"当别人都在否定你而你却依然执着于自己的方向时-我不会感觉到奇怪-因为我知道-很多人都有否定的能力-却只有少部分的人有实践的勇气","title":"2014-01-15","url":"2014-01-15-当别人都在否定你而你却依然执着于自己的方向时-我不会感觉到奇怪-因为我知道-很多人都有否定的能力-却只有少部分的人有实践的勇气.png"},{"introduction":"随着岁月的流逝，有些人已经变得只剩下一个背影，就仿佛自己的童年，真的邂逅过吗……","title":"2014-01-18","url":"2014-01-18-随着岁月的流逝，有些人已经变得只剩下一个背影，就仿佛自己的童年，真的邂逅过吗…….png"},{"introduction":"发表图片","title":"2014-01-23","url":"2014-01-23-发表图片.png"},{"introduction":"爱的太迟，你已离去，随冬消逝，与春无缘；走的太急，离你而去，与春结缘，冬已消逝。","title":"2014-02-22","url":"2014-02-22-爱的太迟，你已离去，随冬消逝，与春无缘；走的太急，离你而去，与春结缘，冬已消逝。.png"},{"introduction":"长梯","title":"2014-02-23","url":"2014-02-23-长梯.png"},{"introduction":"无语","title":"2014-03-01","url":"2014-03-01-无语.png"},{"introduction":"游","title":"2014-03-03","url":"2014-03-03-游.png"},{"introduction":"外表简简单单，内心密密麻麻","title":"2014-03-05","url":"2014-03-05-外表简简单单，内心密密麻麻.png"},{"introduction":"时光越是流逝，越是发现情感的不易。","title":"2014-03-07","url":"2014-03-07-时光越是流逝，越是发现情感的不易。.png"},{"introduction":"春风","title":"2014-03-11","url":"2014-03-11-春风.png"},{"introduction":"","title":"2014-03-13","url":"2014-03-13.png"},{"introduction":"Julie","title":"2014-03-15","url":"2014-03-15-Julie.png"},{"introduction":"想象力","title":"2014-03-20","url":"2014-03-20-想象力.png"},{"introduction":"如果没有想象力，估计生活会少很多乐趣","title":"2014-03-20","url":"2014-03-20-如果没有想象力，估计生活会少很多乐趣.png"},{"introduction":"生活嘛，就是活生生地从希望中失败，再活生生地从失败中成功。应该常抱有这样的心态：我就不放弃，就不放弃，噢耶！","title":"2014-03-24","url":"2014-03-24-生活嘛，就是活生生地从希望中失败，再活生生地从失败中成功。应该常抱有这样的心态：我就不放弃，就不放弃，噢耶！.png"},{"introduction":"生活啊，处处惊喜","title":"2014-03-31","url":"2014-03-31-生活啊，处处惊喜.png"},{"introduction":"男：明天向你求婚！女：我不信！","title":"2014-04-02","url":"2014-04-02-男：明天向你求婚！女：我不信！.png"},{"introduction":"对爱情嘛，我承认：读得懂故事，读不懂生活。","title":"2014-04-05","url":"2014-04-05-对爱情嘛，我承认：读得懂故事，读不懂生活。.png"},{"introduction":"四月","title":"2014-04-11","url":"2014-04-11-四月.png"},{"introduction":"有人说，男生要耐得住寂寞，女生要耐得住孤独。","title":"2014-04-12","url":"2014-04-12-有人说，男生要耐得住寂寞，女生要耐得住孤独。.png"},{"introduction":"你所不屑的那双呆滞的眼睛，里面含有一片海洋","title":"2014-04-16","url":"2014-04-16-你所不屑的那双呆滞的眼睛，里面含有一片海洋.png"},{"introduction":"不乐意","title":"2014-05-06","url":"2014-05-06-不乐意.png"},{"introduction":"08-18-年轻人，你说你爱我，却从没有坚定的信念，亦没有过刻苦的付出，难道你想用你的懦弱与自私来打动我吗","title":"2014-06-03","url":"2014-06-03-08-18-年轻人，你说你爱我，却从没有坚定的信念，亦没有过刻苦的付出，难道你想用你的懦弱与自私来打动我吗.png"},{"introduction":"风中的女孩","title":"2014-06-03","url":"2014-06-03-风中的女孩.png"},{"introduction":"“想回到过去”“试着让故事继续……”“毛啊，回到你的初吻打死那货，留着见我！”","title":"2014-06-15","url":"2014-06-15-“想回到过去”“试着让故事继续……”“毛啊，回到你的初吻打死那货，留着见我！”.png"},{"introduction":"某人（冷漠而决然地“：我，擦！某蚊（绝望地）：啊……","title":"2014-06-21","url":"2014-06-21-某人（冷漠而决然地“：我，擦！某蚊（绝望地）：啊…….png"},{"introduction":"牙刷：过了明天，一切都会好起来的，相信我！牙膏：恩！","title":"2014-06-23","url":"2014-06-23-牙刷：过了明天，一切都会好起来的，相信我！牙膏：恩！.png"},{"introduction":"足球","title":"2014-06-27","url":"2014-06-27-足球.png"},{"introduction":"有时候，醉着或醒着，都得等","title":"2014-07-06","url":"2014-07-06-有时候，醉着或醒着，都得等.png"},{"introduction":"最近总做梦梦回到过去，每天一部由自己领衔的纪录片","title":"2014-07-08","url":"2014-07-08-最近总做梦梦回到过去，每天一部由自己领衔的纪录片.png"},{"introduction":"像我等情商低的人，就只有用态度来征服异性了","title":"2014-07-20","url":"2014-07-20-像我等情商低的人，就只有用态度来征服异性了.png"},{"introduction":"一直以为-她是离手的气球-后来发现-飞去的是自己","title":"2014-07-30","url":"2014-07-30-一直以为-她是离手的气球-后来发现-飞去的是自己.png"},{"introduction":"年轻人，垂头或昂胸，自卑或自傲，黑暗或光明，抉择吧！","title":"2014-07-31","url":"2014-07-31-年轻人，垂头或昂胸，自卑或自傲，黑暗或光明，抉择吧！.png"},{"introduction":"七夕","title":"2014-08-02","url":"2014-08-02-七夕.png"},{"introduction":"无题","title":"2014-08-08","url":"2014-08-08-无题.png"},{"introduction":"其实我们都知道，只要他跟她坚持下去，幸福终会降临。所以乃们一定不要给现实跪掉！","title":"2014-08-09","url":"2014-08-09-其实我们都知道，只要他跟她坚持下去，幸福终会降临。所以乃们一定不要给现实跪掉！.png"},{"introduction":"永恒（笑话）","title":"2014-08-10","url":"2014-08-10-永恒（笑话）.png"},{"introduction":"浓妆容易，本容不易，且行且珍惜","title":"2014-08-12","url":"2014-08-12-浓妆容易，本容不易，且行且珍惜.png"},{"introduction":"等待的人的情绪是最难掌控的，所以Ta乐意吃世间最麻醉的药，心甘情愿浪费那美好的青春","title":"2014-08-23","url":"2014-08-23-等待的人的情绪是最难掌控的，所以Ta乐意吃世间最麻醉的药，心甘情愿浪费那美好的青春.png"},{"introduction":"一旦抽象起来，不确定性就搞了，而有些东西美的毫无理由","title":"2014-08-25","url":"2014-08-25-一旦抽象起来，不确定性就搞了，而有些东西美的毫无理由.png"},{"introduction":"是时候换个酷毙的发型了","title":"2014-08-26","url":"2014-08-26-是时候换个酷毙的发型了.png"},{"introduction":"洗冷水澡不感冒的小窍门：冲冷水后立即吹口哨骗过感冒君","title":"2014-08-28","url":"2014-08-28-洗冷水澡不感冒的小窍门：冲冷水后立即吹口哨骗过感冒君.png"},{"introduction":"木","title":"2014-08-29","url":"2014-08-29-木.png"},{"introduction":"有一天女主对路人甲说：才认识几天就表白，莫名其妙。然后路人甲就走了，整部剧里再没出现过他。","title":"2014-08-31","url":"2014-08-31-有一天女主对路人甲说：才认识几天就表白，莫名其妙。然后路人甲就走了，整部剧里再没出现过他。.png"},{"introduction":"人类的全部智慧可以用这几个字概括：等待和希望——《基督山伯爵》","title":"2014-09-02","url":"2014-09-02-人类的全部智慧可以用这几个字概括：等待和希望——《基督山伯爵》.png"},{"introduction":"学长耍酷的时候到了","title":"2014-09-04","url":"2014-09-04-学长耍酷的时候到了.png"},{"introduction":"愿君多优雅，从此常失眠。——《优雅的失眠者》","title":"2014-09-07","url":"2014-09-07-愿君多优雅，从此常失眠。——《优雅的失眠者》.png"},{"introduction":"虽然生活在两个世界里，但丝毫不影响关注你的那颗心，这就是喜欢把。","title":"2014-09-08","url":"2014-09-08-虽然生活在两个世界里，但丝毫不影响关注你的那颗心，这就是喜欢把。.png"},{"introduction":"等待也是一种追逐-耳边吹过岁月的风-证明着我们的奔跑——《当我很年轻》","title":"2014-09-10","url":"2014-09-10-等待也是一种追逐-耳边吹过岁月的风-证明着我们的奔跑——《当我很年轻》.png"},{"introduction":"扎低马尾的女孩","title":"2014-09-14","url":"2014-09-14-扎低马尾的女孩.png"},{"introduction":"当感觉累了的时候，就安安静静地歇会儿吧","title":"2014-09-18","url":"2014-09-18-当感觉累了的时候，就安安静静地歇会儿吧.png"},{"introduction":"老逸夫楼报告厅","title":"2014-09-22","url":"2014-09-22-老逸夫楼报告厅.png"},{"introduction":"眼睛","title":"2014-09-27","url":"2014-09-27-眼睛.png"},{"introduction":"内心强大，才能道歉，但必须更强大，才能原谅。有时候生活事件蛋疼的事情","title":"2014-09-27","url":"2014-09-27-内心强大，才能道歉，但必须更强大，才能原谅。有时候生活事件蛋疼的事情.png"},{"introduction":"你就像个率性的透明人，无时无刻不在闪耀着活泼的美丽","title":"2014-10-02","url":"2014-10-02-你就像个率性的透明人，无时无刻不在闪耀着活泼的美丽.png"},{"introduction":"——假期与非假期有区别吗？——当然，可以心安理得地做自己喜欢的事了","title":"2014-10-02","url":"2014-10-02-——假期与非假期有区别吗？——当然，可以心安理得地做自己喜欢的事了.png"},{"introduction":"秋风习习，一切静好","title":"2014-10-05","url":"2014-10-05-秋风习习，一切静好.png"},{"introduction":"只因为有更重要的事情。愿君一切安好如初，愿君一切安好如终。","title":"2014-10-08","url":"2014-10-08-只因为有更重要的事情。愿君一切安好如初，愿君一切安好如终。.png"},{"introduction":"啊，好美；出门肯定没吃药；能不能说你在嫉妒我；我就是在嫉妒你啊；卧槽，这么快就承认了；女人啊……","title":"2014-11-01","url":"2014-11-01-啊，好美；出门肯定没吃药；能不能说你在嫉妒我；我就是在嫉妒你啊；卧槽，这么快就承认了；女人啊…….png"},{"introduction":"刚从ATM机取的50块钱掉马桶里了，SHIT！还怎么和自己喜欢的人看电影。。","title":"2014-12-02","url":"2014-12-02-刚从ATM机取的50块钱掉马桶里了，SHIT！还怎么和自己喜欢的人看电影。。.png"},{"introduction":"冬来了；寒冷扫荡着校园里的每一个角落；银杏树下的三叶草依然绿色；可怜它的人，再望它一眼吧；为了共同的执着","title":"2014-12-08","url":"2014-12-08-冬来了；寒冷扫荡着校园里的每一个角落；银杏树下的三叶草依然绿色；可怜它的人，再望它一眼吧；为了共同的执着.png"},{"introduction":"唉，这鸦没法涂了","title":"2014-12-11","url":"2014-12-11-唉，这鸦没法涂了.png"},{"introduction":"她的舞台她的舞","title":"2014-12-13","url":"2014-12-13-她的舞台她的舞.png"},{"introduction":"你是美丽的存在；就像窗外的绿草地；秋风来东风来；依然叶子舞动自由自在","title":"2014-12-24","url":"2014-12-24-你是美丽的存在；就像窗外的绿草地；秋风来东风来；依然叶子舞动自由自在.JPG"},{"introduction":"没有美女，果然换个地方也写不出论文来。。","title":"2014-12-25","url":"2014-12-25-没有美女，果然换个地方也写不出论文来。。.png"},{"introduction":"离去吧，离去吧；等待也是一种追逐；耳边吹过的岁月的风；证明着我们的奔跑","title":"2014-12-26","url":"2014-12-26-离去吧，离去吧；等待也是一种追逐；耳边吹过的岁月的风；证明着我们的奔跑.png"},{"introduction":"生活中会哭的两种人：亲爱的小孩和可怜的小孩；二者的区别：前者有人疼，后者没人疼","title":"2014-12-29","url":"2014-12-29-生活中会哭的两种人：亲爱的小孩和可怜的小孩；二者的区别：前者有人疼，后者没人疼.png"},{"introduction":"原来如此花","title":"2015-01-02","url":"2015-01-02-原来如此花.png"},{"introduction":"起床这么早，是为看这殷红世界里你的舞动，只消多睡一会儿便会错过的美好","title":"2015-01-04","url":"2015-01-04-起床这么早，是为看这殷红世界里你的舞动，只消多睡一会儿便会错过的美好.png"},{"introduction":"最显示水平的做法是，心里想着猫，最后却画成一条四条腿的不知什么东西==","title":"2015-01-06","url":"2015-01-06-最显示水平的做法是，心里想着猫，最后却画成一条四条腿的不知什么东西==.png"},{"introduction":"鼬说，人们总根据自己的认知判断一件事，其实你们看到的都是假象。毕竟总这样说显得太俗气：考试、论文、实验，加油！","title":"2015-01-07","url":"2015-01-07-鼬说，人们总根据自己的认知判断一件事，其实你们看到的都是假象。毕竟总这样说显得太俗气：考试、论文、实验，加油！.JPG"},{"introduction":"无聊的时候不妨想象点美好的东西，比如某个夏日的傍晚，海边海风轻吹，面前是心仪许久的女孩，然后这样","title":"2015-01-09","url":"2015-01-09-无聊的时候不妨想象点美好的东西，比如某个夏日的傍晚，海边海风轻吹，面前是心仪许久的女孩，然后这样.JPG"},{"introduction":"最是那一剪刀的呆萌，像一阵奉贤妖风，吹起的尘沙迷了路人的眼睛","title":"2015-01-12","url":"2015-01-12-最是那一剪刀的呆萌，像一阵奉贤妖风，吹起的尘沙迷了路人的眼睛.JPG"},{"introduction":"假如看到个偶然的美景，大概就是这种感情吧","title":"2015-01-17","url":"2015-01-17-假如看到个偶然的美景，大概就是这种感情吧.JPG"},{"introduction":"这事最社交的时代，这是最孤独的时代（时时抱有自嗨的心态）","title":"2015-01-19","url":"2015-01-19-这事最社交的时代，这是最孤独的时代（时时抱有自嗨的心态）.JPG"},{"introduction":"但愿年前最后一个剪刀手能减去你所有的负能量，努力提升自己吧，不断努力不断努力，总会找回自我的。","title":"2015-01-20","url":"2015-01-20-但愿年前最后一个剪刀手能减去你所有的负能量，努力提升自己吧，不断努力不断努力，总会找回自我的。.JPG"},{"introduction":"","title":"2015-01-23","url":"2015-01-23-.JPG"},{"introduction":"","title":"2015-01-27","url":"2015-01-27.JPG"},{"introduction":"好吧，下次本命年，生活就该滋润多了","title":"2015-02-06","url":"2015-02-06-好吧，下次本命年，生活就该滋润多了.JPG"},{"introduction":"生为男人，最骄傲的莫过于可以正大光明地奋斗","title":"2015-02-09","url":"2015-02-09-生为男人，最骄傲的莫过于可以正大光明地奋斗.JPG"},{"introduction":"院子里有两棵树，一棵是柿子树，另一棵也是柿子树","title":"2015-02-10","url":"2015-02-10-院子里有两棵树，一棵是柿子树，另一棵也是柿子树.JPG"},{"introduction":"孩子的快乐源自好的性格，孩子的好性格源自好的家庭","title":"2015-02-11","url":"2015-02-11-孩子的快乐源自好的性格，孩子的好性格源自好的家庭.JPG"},{"introduction":"父亲：大妞二妞，这个情人节我们就这么过吧；大妞二妞（齐声，坚定）：嗯！","title":"2015-02-12","url":"2015-02-12-父亲：大妞二妞，这个情人节我们就这么过吧；大妞二妞（齐声，坚定）：嗯！.JPG"},{"introduction":"十六年后，往事随风","title":"2015-02-13","url":"2015-02-13-十六年后，往事随风.JPG"},{"introduction":"","title":"2015-02-17","url":"2015-02-17-.JPG"},{"introduction":"或许年本就没有变过，变得只是长大以后藏了太多故事的心，以及那双能看透所谓人情世故的眼睛。新的一年，愿没祝我羊年快乐的朋友们羊年快乐","title":"2015-02-19","url":"2015-02-19-或许年本就没有变过，变得只是长大以后藏了太多故事的心，以及那双能看透所谓人情世故的眼睛。新的一年，愿没祝我羊年快乐的朋友们羊年快乐.JPG"},{"introduction":"混了二十天，工头发了250元，按当时的物价，每天的工资是半个大人的工费","title":"2015-02-20","url":"2015-02-20-混了二十天，工头发了250元，按当时的物价，每天的工资是半个大人的工费.JPG"},{"introduction":"吃八个馒头的那件事","title":"2015-02-21","url":"2015-02-21-吃八个馒头的那件事.JPG"},{"introduction":"“东西好坏我倒是难说，不过只要让你感觉到快乐，就该是好东西，参数什么的无所谓，都是摆设","title":"2015-02-22","url":"2015-02-22-“东西好坏我倒是难说，不过只要让你感觉到快乐，就该是好东西，参数什么的无所谓，都是摆设.JPG"},{"introduction":"三个小家庭与一个男人组成的大家庭全家福照片，暗含了一个舅舅与三个孩子争抢家庭资源的青春悲壮故事","title":"2015-02-23","url":"2015-02-23-三个小家庭与一个男人组成的大家庭全家福照片，暗含了一个舅舅与三个孩子争抢家庭资源的青春悲壮故事.JPG"},{"introduction":"世上存在两种男人，一种看起来像个孩子，一种就是孩子；存在两种女人，一种看起来不像孩子，一种不是孩子","title":"2015-02-25","url":"2015-02-25-世上存在两种男人，一种看起来像个孩子，一种就是孩子；存在两种女人，一种看起来不像孩子，一种不是孩子.png"},{"introduction":"珍惜所有，踏实工作（学习）","title":"2015-02-26","url":"2015-02-26-珍惜所有，踏实工作（学习）.png"},{"introduction":"日记这东西就像前女友的联系方式似的，留着看闹心，处理掉疼心","title":"2015-02-27","url":"2015-02-27-日记这东西就像前女友的联系方式似的，留着看闹心，处理掉疼心.png"},{"introduction":"任时光流驶，美丽在你的发梢荡漾，我所梦见的，依然是你多年前的模样","title":"2015-02-27","url":"2015-02-27-任时光流驶，美丽在你的发梢荡漾，我所梦见的，依然是你多年前的模样.png"},{"introduction":"原谅我这一生不羁放纵爱自由《海阔天空》","title":"2015-02-28","url":"2015-02-28-原谅我这一生不羁放纵爱自由《海阔天空》.JPG"},{"introduction":"一生中美好的时光持续得太久了，来个巨浪就被拍沙滩上了","title":"2015-03-01","url":"2015-03-01-一生中美好的时光持续得太久了，来个巨浪就被拍沙滩上了.JPG"},{"introduction":"身去江湖，不是因为厌倦家里的平淡，只是想知道自己的脚到底能走多远","title":"2015-03-01","url":"2015-03-01-身去江湖，不是因为厌倦家里的平淡，只是想知道自己的脚到底能走多远.JPG"},{"introduction":"我已不想再追寻”大人们“口中所谓梦想，而只想追寻着生活的脚步，顺着内心的感觉脚踏实地的一步一步前进，稳稳地，去揭开属于自己生命得结局","title":"2015-03-02","url":"2015-03-02-我已不想再追寻”大人们“口中所谓梦想，而只想追寻着生活的脚步，顺着内心的感觉脚踏实地的一步一步前进，稳稳地，去揭开属于自己生命得结局.png"},{"introduction":"阿里巴巴让我想起了那些年曾追过的女孩","title":"2015-03-09","url":"2015-03-09-阿里巴巴让我想起了那些年曾追过的女孩.JPG"},{"introduction":"放弃喜欢的人是一件多么痛心的事情","title":"2015-03-11","url":"2015-03-11-放弃喜欢的人是一件多么痛心的事情.JPG"},{"introduction":"晚安","title":"2015-03-12","url":"2015-03-12-晚安.png"},{"introduction":"涂我生活，涂别人生活，无论涂出来什么，我很快乐==因为我很努力","title":"2015-03-12","url":"2015-03-12-涂我生活，涂别人生活，无论涂出来什么，我很快乐==因为我很努力.JPG"},{"introduction":"生活本没有对错，全看个人心情。比如长发看的多了短发也变得漂亮起来","title":"2015-03-13","url":"2015-03-13-生活本没有对错，全看个人心情。比如长发看的多了短发也变得漂亮起来.JPG"},{"introduction":"你不在的那段日子里，我努力地守望着这个世界","title":"2015-03-14","url":"2015-03-14-你不在的那段日子里，我努力地守望着这个世界.JPG"},{"introduction":"不是所有得阅历都会使人成长，不是所有的错误都会让人增长见识，这便是劝你多读书少游荡的缘由了","title":"2015-03-16","url":"2015-03-16-不是所有得阅历都会使人成长，不是所有的错误都会让人增长见识，这便是劝你多读书少游荡的缘由了.JPG"},{"introduction":"母亲","title":"2015-03-17","url":"2015-03-17-母亲.JPG"},{"introduction":"不惧平淡，吃苦耐劳也是一种智慧的表现","title":"2015-03-17","url":"2015-03-17-不惧平淡，吃苦耐劳也是一种智慧的表现.JPG"},{"introduction":"接下来的一年要去做三件大事，好像把每天半小时的涂鸦时间节约出来。。","title":"2015-03-18","url":"2015-03-18-接下来的一年要去做三件大事，好像把每天半小时的涂鸦时间节约出来。。.png"},{"introduction":"","title":"2015-03-19","url":"2015-03-19-.JPG"},{"introduction":"1","title":"2015-03-19","url":"2015-03-19-1.JPG"},{"introduction":"","title":"2015-03-20","url":"2015-03-20-.JPG"},{"introduction":"自画像","title":"2015-03-20","url":"2015-03-20-自画像.JPG"},{"introduction":"","title":"2015-03-22","url":"2015-03-22-.JPG"},{"introduction":"1","title":"2015-03-22","url":"2015-03-22-1.JPG"},{"introduction":"3","title":"2015-03-22","url":"2015-03-22-3.JPG"},{"introduction":"写实","title":"2015-03-24","url":"2015-03-24-写实.JPG"},{"introduction":"一直努力一直努力，去保护一个一直努力一直努力的人，这便应是一种幸福的生活吧","title":"2015-03-24","url":"2015-03-24-一直努力一直努力，去保护一个一直努力一直努力的人，这便应是一种幸福的生活吧.JPG"},{"introduction":"多少年后，假如物质财产能够证明我的成熟的话，那么他们则见证过我的天真与自负---那段从青涩里爬向成熟的青春岁月","title":"2015-03-25","url":"2015-03-25-多少年后，假如物质财产能够证明我的成熟的话，那么他们则见证过我的天真与自负---那段从青涩里爬向成熟的青春岁月.JPG"},{"introduction":"","title":"2015-03-26","url":"2015-03-26-.JPG"},{"introduction":"我的灵魂已经暴走","title":"2015-03-26","url":"2015-03-26-我的灵魂已经暴走.JPG"},{"introduction":"虽然我不是个坏人，但也不是个好人","title":"2015-03-27","url":"2015-03-27-虽然我不是个坏人，但也不是个好人.JPG"},{"introduction":"你出现或者不出现，我就在那里----等你","title":"2015-03-28","url":"2015-03-28-你出现或者不出现，我就在那里----等你.JPG"},{"introduction":"世人那么努力地工作学习，他们应该是为了去保护一个很可爱得人吧","title":"2015-03-30","url":"2015-03-30-世人那么努力地工作学习，他们应该是为了去保护一个很可爱得人吧.JPG"},{"introduction":"有时候，有些人聒噪的很","title":"2015-03-31","url":"2015-03-31-有时候，有些人聒噪的很.JPG"},{"introduction":"好的涂鸦，应该是那些能给人以想象力的东西。然而每个人的世界观不同，所以只能是按照对方的想象空间恰当地发挥，达到表现力得最优。推而广之，所以才有这么一句话：别人就是自己的镜子","title":"2015-04-02","url":"2015-04-02-好的涂鸦，应该是那些能给人以想象力的东西。然而每个人的世界观不同，所以只能是按照对方的想象空间恰当地发挥，达到表现力得最优。推而广之，所以才有这么一句话：别人就是自己的镜子.JPG"},{"introduction":"年轻人，除了工作外，人总要找一件事去坚持，磨砺自己的意志，慢慢沉淀，慢慢沉淀，获取长久的满足感与幸福感","title":"2015-04-03","url":"2015-04-03-年轻人，除了工作外，人总要找一件事去坚持，磨砺自己的意志，慢慢沉淀，慢慢沉淀，获取长久的满足感与幸福感.JPG"},{"introduction":"","title":"2015-04-04","url":"2015-04-04-.JPG"},{"introduction":"2","title":"2015-04-04","url":"2015-04-04-2.JPG"},{"introduction":"烦了错误就改正吧，这个世界会永远如此美丽的","title":"2015-04-05","url":"2015-04-05-烦了错误就改正吧，这个世界会永远如此美丽的.JPG"},{"introduction":"","title":"2015-04-06","url":"2015-04-06-.JPG"},{"introduction":"1","title":"2015-04-06","url":"2015-04-06-1.JPG"},{"introduction":"父亲的一生是奋进的一生，说的认真一点就是：这得多亏了我娘","title":"2015-04-07","url":"2015-04-07-父亲的一生是奋进的一生，说的认真一点就是：这得多亏了我娘.JPG"},{"introduction":"生活的戏剧性在于，我们花了很多的力气去选择，结局却是一个悲剧","title":"2015-04-08","url":"2015-04-08-生活的戏剧性在于，我们花了很多的力气去选择，结局却是一个悲剧.JPG"},{"introduction":"","title":"2015-04-09","url":"2015-04-09-.JPG"},{"introduction":"相信我吧，我们都应该有属于我们自己的幸福，在彼此出现的时候，在彼此离开的时候","title":"2015-04-20","url":"2015-04-20-相信我吧，我们都应该有属于我们自己的幸福，在彼此出现的时候，在彼此离开的时候.JPG"},{"introduction":"早晨只醒了眼睛，临上校车喊了一声耳朵，才听见混杂在阳光里的鸟叫声：今天是晴天。","title":"2015-04-21","url":"2015-04-21-早晨只醒了眼睛，临上校车喊了一声耳朵，才听见混杂在阳光里的鸟叫声：今天是晴天。.JPG"},{"introduction":"人会做出选择的两个原因：一曰喜欢，二曰不讨厌。任时光流驶，坚持吃不讨厌的食物，追喜欢的人","title":"2015-05-03","url":"2015-05-03-人会做出选择的两个原因：一曰喜欢，二曰不讨厌。任时光流驶，坚持吃不讨厌的食物，追喜欢的人.JPG"},{"introduction":"愿你有一颗真诚的心，脸上挂着诚实的笑，泪水只代表你的痛苦，沉默着，做一个向前迈步的姑娘","title":"2015-05-05","url":"2015-05-05-愿你有一颗真诚的心，脸上挂着诚实的笑，泪水只代表你的痛苦，沉默着，做一个向前迈步的姑娘.JPG"},{"introduction":"努力的人即使最后的结局不好，也应表达对对方的尊重","title":"2015-05-08","url":"2015-05-08-努力的人即使最后的结局不好，也应表达对对方的尊重.png"},{"introduction":"假如果然你是对的那个人，那么对方会在某个时刻倾诉你这么一句话：与你在一起的日子里，我获得了更多的自由","title":"2015-05-09","url":"2015-05-09-假如果然你是对的那个人，那么对方会在某个时刻倾诉你这么一句话：与你在一起的日子里，我获得了更多的自由.JPG"},{"introduction":"长大是一种什么感觉呢，十年后我会这么回答我的后代：长大便是当你走投无路的时候不再迷茫，而是积极地去寻找解决问题的方法，并且有十足的信心摆平眼前的困难。而为了有这么一天，首先要听妈妈的话","title":"2015-05-11","url":"2015-05-11-长大是一种什么感觉呢，十年后我会这么回答我的后代：长大便是当你走投无路的时候不再迷茫，而是积极地去寻找解决问题的方法，并且有十足的信心摆平眼前的困难。而为了有这么一天，首先要听妈妈的话.JPG"},{"introduction":"既然选择了理性地生活，那么把买的几罐啤酒喝完就戒酒","title":"2015-05-12","url":"2015-05-12-既然选择了理性地生活，那么把买的几罐啤酒喝完就戒酒.JPG"},{"introduction":"有背负得地方便有爱情，有责任的地方便有幸福","title":"2015-05-16","url":"2015-05-16-有背负得地方便有爱情，有责任的地方便有幸福.JPG"},{"introduction":"男孩子喜欢‘欣赏’漂亮的女孩子，真的不应该么。--看，又过去一双美腿","title":"2015-05-17","url":"2015-05-17-男孩子喜欢‘欣赏’漂亮的女孩子，真的不应该么。--看，又过去一双美腿.JPG"},{"introduction":"还有最后800米，不坚持跑完就找不到女朋友了","title":"2015-05-19","url":"2015-05-19-还有最后800米，不坚持跑完就找不到女朋友了.JPG"},{"introduction":"无论如何，我们应该祝福那些晒幸福的人，一直祝福到他们不怎么幸福","title":"2015-05-21","url":"2015-05-21-无论如何，我们应该祝福那些晒幸福的人，一直祝福到他们不怎么幸福.JPG"},{"introduction":"做生活中的小强，做挫折中的小强，做打不死的小强","title":"2015-05-23","url":"2015-05-23-做生活中的小强，做挫折中的小强，做打不死的小强.JPG"},{"introduction":"三十岁的脸后面隐藏的年轻的心","title":"2015-06-13","url":"2015-06-13-三十岁的脸后面隐藏的年轻的心.JPG"},{"introduction":"恕不能喜欢那些嘲笑别人梦想的人，任何一个努力生活的人都应该得到该有的尊重。","title":"2015-06-14","url":"2015-06-14-恕不能喜欢那些嘲笑别人梦想的人，任何一个努力生活的人都应该得到该有的尊重。.JPG"},{"introduction":"今天天气阴转中雨，新买的书刚刚到，翻了两页宝典顿感无力，估计明天要换本书看了","title":"2015-06-15","url":"2015-06-15-今天天气阴转中雨，新买的书刚刚到，翻了两页宝典顿感无力，估计明天要换本书看了.JPG"},{"introduction":"1","title":"2015-06-16","url":"2015-06-16-1.JPG"},{"introduction":"孤独是什么感觉之01","title":"2015-06-16","url":"2015-06-16-孤独是什么感觉之01.JPG"},{"introduction":"所谓周记，就是有灵感的时候每周记几次嘛","title":"2015-06-16","url":"2015-06-16-所谓周记，就是有灵感的时候每周记几次嘛.JPG"},{"introduction":"孤独是什么感觉之02","title":"2015-06-19","url":"2015-06-19-孤独是什么感觉之02.JPG"},{"introduction":"当我二十五岁的时候，发现了这个世界没了错误答案。说实话，这对于一个一直成绩优秀的孩子来说，然并卵","title":"2015-06-24","url":"2015-06-24-当我二十五岁的时候，发现了这个世界没了错误答案。说实话，这对于一个一直成绩优秀的孩子来说，然并卵.JPG"},{"introduction":"喜欢是什么样的感觉之01","title":"2015-06-25","url":"2015-06-25-喜欢是什么样的感觉之01.JPG"},{"introduction":"喜欢是什么样的感觉之02","title":"2015-06-25","url":"2015-06-25-喜欢是什么样的感觉之02.JPG"},{"introduction":"刚刚知道竟然还有这么个病，目测已经晚期了。。","title":"2015-06-27","url":"2015-06-27-刚刚知道竟然还有这么个病，目测已经晚期了。。.JPG"},{"introduction":"小女有礼之注意自己的口气","title":"2015-06-30","url":"2015-06-30-小女有礼之注意自己的口气.JPG"},{"introduction":"喜欢是什么样的感觉03","title":"2015-07-02","url":"2015-07-02-喜欢是什么样的感觉03.JPG"},{"introduction":"","title":"2015-07-07","url":"2015-07-07-.JPG"},{"introduction":"美女的第二层含义大概是，我们经常碰面，慢慢地发现你竟如此美丽","title":"2015-07-08","url":"2015-07-08-美女的第二层含义大概是，我们经常碰面，慢慢地发现你竟如此美丽.JPG"},{"introduction":"根据多年的拥抱幻想经验，“头心”才是最正确的拥抱姿势","title":"2015-07-09","url":"2015-07-09-根据多年的拥抱幻想经验，“头心”才是最正确的拥抱姿势.JPG"},{"introduction":"在你嫁人前，天下只有一个男人会随时接受你的抱怨，他就是你亲爱的爸爸","title":"2015-07-10","url":"2015-07-10-在你嫁人前，天下只有一个男人会随时接受你的抱怨，他就是你亲爱的爸爸.JPG"},{"introduction":"无心有心的八卦","title":"2015-07-13","url":"2015-07-13-无心有心的八卦.JPG"},{"introduction":"","title":"2015-07-15","url":"2015-07-15-.JPG"},{"introduction":"作为一个跑完一半路的奔三的人，做过的尝试以及犯过的错远远不达标","title":"2015-07-19","url":"2015-07-19-作为一个跑完一半路的奔三的人，做过的尝试以及犯过的错远远不达标.JPG"},{"introduction":"小女有礼之与某个男同学一起吃饭的时候，切记用爸爸的钱","title":"2015-07-20","url":"2015-07-20-小女有礼之与某个男同学一起吃饭的时候，切记用爸爸的钱.JPG"},{"introduction":"百分之五的表白成功率，意味着更加强大的内心去接受更加美好的未来","title":"2015-07-22","url":"2015-07-22-百分之五的表白成功率，意味着更加强大的内心去接受更加美好的未来.JPG"},{"introduction":"","title":"2015-07-23","url":"2015-07-23-.JPG"},{"introduction":"十年后才明白语文课存在的意义：高中毕业后，别的课程的知识一直企图摧毁你，唯有语文课学到的东西不停地鼓励你坚强、勇敢、乐观……","title":"2015-07-23","url":"2015-07-23-十年后才明白语文课存在的意义：高中毕业后，别的课程的知识一直企图摧毁你，唯有语文课学到的东西不停地鼓励你坚强、勇敢、乐观…….PNG"},{"introduction":"","title":"2015-07-24","url":"2015-07-24-.JPG"},{"introduction":"到了这把年纪，谁都有个孩子来晒朋友圈","title":"2015-07-24","url":"2015-07-24-到了这把年纪，谁都有个孩子来晒朋友圈.JPG"},{"introduction":"旅游的作用是剖离孤独，一步一步地把那份情感从内心深处抽离出来。有的人把它撒在路上，有的人把它揣进兜里。","title":"2015-07-25","url":"2015-07-25-旅游的作用是剖离孤独，一步一步地把那份情感从内心深处抽离出来。有的人把它撒在路上，有的人把它揣进兜里。.JPG"},{"introduction":"孤独的一种含义便是心里喜欢却不在身边的某个人。所以要对每一个没有带喜欢的人旅行的游子富有同情之心","title":"2015-07-26","url":"2015-07-26-孤独的一种含义便是心里喜欢却不在身边的某个人。所以要对每一个没有带喜欢的人旅行的游子富有同情之心.JPG"},{"introduction":"接下来的主要目标便是--吃！吃！吃！","title":"2015-07-27","url":"2015-07-27-接下来的主要目标便是--吃！吃！吃！.JPG"},{"introduction":"我承认我是去剽窃别人消费的快乐的，另外顺手牵羊了些深夜游荡的情侣的快乐","title":"2015-07-28","url":"2015-07-28-我承认我是去剽窃别人消费的快乐的，另外顺手牵羊了些深夜游荡的情侣的快乐.JPG"},{"introduction":"去了厕所，然后报告立马轮到我了。。好喜欢这种狗血剧情，为平淡的生活增添了辣么（不辣！）多精彩的细节！","title":"2015-07-29","url":"2015-07-29-去了厕所，然后报告立马轮到我了。。好喜欢这种狗血剧情，为平淡的生活增添了辣么（不辣！）多精彩的细节！.JPG"},{"introduction":"本真","title":"2015-07-30","url":"2015-07-30-本真.JPG"},{"introduction":"旅游的过程是累且苦的，但留下的回忆是美又甜的。便如同生活，肯付出努力认真生活的人都是值得尊敬的，因为他们必定会有未来。","title":"2015-07-30","url":"2015-07-30-旅游的过程是累且苦的，但留下的回忆是美又甜的。便如同生活，肯付出努力认真生活的人都是值得尊敬的，因为他们必定会有未来。.JPG"},{"introduction":"去文殊院发现，当左右手碰触到一起的时候，便可以顺利与本真的自己对话。有人说“懂自己比懂别人更难能可贵”，是对的吧。","title":"2015-07-31","url":"2015-07-31-去文殊院发现，当左右手碰触到一起的时候，便可以顺利与本真的自己对话。有人说“懂自己比懂别人更难能可贵”，是对的吧。.JPG"},{"introduction":"本周休息。","title":"2015-08-03","url":"2015-08-03-本周休息。.JPG"},{"introduction":"有一天突然意识到，必须感谢曾在生命中出现过的每一个人，是他们成就了现在的自己。所以下周回家探亲~","title":"2015-08-05","url":"2015-08-05-有一天突然意识到，必须感谢曾在生命中出现过的每一个人，是他们成就了现在的自己。所以下周回家探亲~.JPG"},{"introduction":"或许生活中本就没有避免伤痛的办法，就像生活中不存在一直火热的恋情。平凡的人能做的是，伤痛涌来时不逃避，恋情归于平淡后不叛别","title":"2015-08-07","url":"2015-08-07-或许生活中本就没有避免伤痛的办法，就像生活中不存在一直火热的恋情。平凡的人能做的是，伤痛涌来时不逃避，恋情归于平淡后不叛别.JPG"},{"introduction":"回家是快乐的，每一份每一秒","title":"2015-08-09","url":"2015-08-09-回家是快乐的，每一份每一秒.JPG"},{"introduction":"人生的第一个五年计划：拟定在2020年实现工作年薪翻两番，人口翻一番；继续发扬艰苦奋斗的优良传统，做勤奋学习、踏实诚恳、善良帅气的好公民。父亲大人批“同意，任重道远”，母亲大人批“什么时候找对象...”","title":"2015-08-17","url":"2015-08-17-人生的第一个五年计划：拟定在2020年实现工作年薪翻两番，人口翻一番；继续发扬艰苦奋斗的优良传统，做勤奋学习、踏实诚恳、善良帅气的好公民。父亲大人批“同意，任重道远”，母亲大人批“什么时候找对象...”.JPG"},{"introduction":"农历七月初七","title":"2015-08-20","url":"2015-08-20-农历七月初七.JPG"},{"introduction":"不再坚持某件事情的原因很简单，又有了其他的坚持。","title":"2015-09-06","url":"2015-09-06-不再坚持某件事情的原因很简单，又有了其他的坚持。.JPG"},{"introduction":"大概因为身累心累吧，有的人得了表达困哪症。","title":"2015-09-13","url":"2015-09-13-大概因为身累心累吧，有的人得了表达困哪症。.JPG"},{"introduction":"按照基因遗传的理论，狗狗基因里面应该有这么一条：看见直立的物体，走向前嗅一嗅，撒少许尿","title":"2015-09-14","url":"2015-09-14-按照基因遗传的理论，狗狗基因里面应该有这么一条：看见直立的物体，走向前嗅一嗅，撒少许尿.JPG"},{"introduction":"天冷加衣，静待感冒。","title":"2015-09-15","url":"2015-09-15-天冷加衣，静待感冒。.JPG"},{"introduction":"长大的另一种解释是：曾经的某一天，我已把悲伤的眼泪流干。","title":"2015-09-19","url":"2015-09-19-长大的另一种解释是：曾经的某一天，我已把悲伤的眼泪流干。.JPG"},{"introduction":"精灵","title":"2015-09-27","url":"2015-09-27-精灵.JPG"},{"introduction":"祝国庆节在路上的堵车快乐！祝国庆节参加各种宴会的玩的快乐！祝那些回家除了吃就是睡的中秋节快乐！没有你们的时候，校园里清静了许多==","title":"2015-10-01","url":"2015-10-01-祝国庆节在路上的堵车快乐！祝国庆节参加各种宴会的玩的快乐！祝那些回家除了吃就是睡的中秋节快乐！没有你们的时候，校园里清静了许多==.JPG"},{"introduction":"English，美，却说不明白","title":"2015-10-03","url":"2015-10-03-English，美，却说不明白.JPG"},{"introduction":"偶遇智者，问：“读了那么多书，后来还是为找工作愁，为何？”智者答曰：“我和你一样大的时候，也为工作发愁。”","title":"2015-10-04","url":"2015-10-04-偶遇智者，问：“读了那么多书，后来还是为找工作愁，为何？”智者答曰：“我和你一样大的时候，也为工作发愁。”.JPG"},{"introduction":"一边写字一边画画get","title":"2015-10-06","url":"2015-10-06-一边写字一边画画get.JPG"},{"introduction":"瞬间，变成了一个没人要的孩子","title":"2015-10-09","url":"2015-10-09-瞬间，变成了一个没人要的孩子.JPG"},{"introduction":"别人为了工作过万水千山，越白城连续面十几场而不怠，而自己才在城里兜了几圈见了几个刁钻古怪的面试官已经累趴……（PS：打小怪刷经验真的很重要！！！）","title":"2015-10-11","url":"2015-10-11-别人为了工作过万水千山，越白城连续面十几场而不怠，而自己才在城里兜了几圈见了几个刁钻古怪的面试官已经累趴……（PS：打小怪刷经验真的很重要！！！）.JPG"},{"introduction":"这个十月，是找工作和谈对象的黄金十月，而作为想象力丰富的涂鸦敬维，却在把每一本技术文档当成小说在读。。。","title":"2015-10-14","url":"2015-10-14-这个十月，是找工作和谈对象的黄金十月，而作为想象力丰富的涂鸦敬维，却在把每一本技术文档当成小说在读。。。.JPG"},{"introduction":"今天两个场，不得不说，对笔试答题越来越轻车熟路，对各种面试也越来越驾轻就熟","title":"2015-10-16","url":"2015-10-16-今天两个场，不得不说，对笔试答题越来越轻车熟路，对各种面试也越来越驾轻就熟.JPG"},{"introduction":"每隔几年，总有那么几天想不通……按照以往的经验，机不可失失不再来，趁机多折腾折腾","title":"2015-10-20","url":"2015-10-20-每隔几年，总有那么几天想不通……按照以往的经验，机不可失失不再来，趁机多折腾折腾.JPG"},{"introduction":"越来越觉得自己找工作是在参加一个“集齐1000个reject，卒”的游戏。。。","title":"2015-10-27","url":"2015-10-27-越来越觉得自己找工作是在参加一个“集齐1000个reject，卒”的游戏。。。.png"},{"introduction":"你好！","title":"2015-10-29","url":"2015-10-29-你好！.JPG"},{"introduction":"假如我耍着酷-向着背光的方向游荡-请叫一声我的名字-因为不想离你们越来越远","title":"2015-11-02","url":"2015-11-02-假如我耍着酷-向着背光的方向游荡-请叫一声我的名字-因为不想离你们越来越远.JPG"},{"introduction":"我也不知道为什么选择你，但是我知道，你是我不选择其他人的理由。","title":"2015-11-03","url":"2015-11-03-我也不知道为什么选择你，但是我知道，你是我不选择其他人的理由。.JPG"},{"introduction":"据说在每年第一个寒冷的夜晚，衣橱里都会爬出两个精灵“蓝蓝”和“绿绿”，并拖出厚厚的棉被盖在熟睡的孩子的身上。","title":"2015-11-04","url":"2015-11-04-据说在每年第一个寒冷的夜晚，衣橱里都会爬出两个精灵“蓝蓝”和“绿绿”，并拖出厚厚的棉被盖在熟睡的孩子的身上。.JPG"},{"introduction":"人生第二十五个年头的冬天，只想要一个拥抱。","title":"2015-11-09","url":"2015-11-09-人生第二十五个年头的冬天，只想要一个拥抱。.png"},{"introduction":"那些给reject的记住，再见面的时候薪资就不是这个数了。。。","title":"2015-11-12","url":"2015-11-12-那些给reject的记住，再见面的时候薪资就不是这个数了。。。.png"},{"introduction":"过马路的时候注意过往车辆，别被撞，否则银杏都变不漂亮了……","title":"2015-11-15","url":"2015-11-15-过马路的时候注意过往车辆，别被撞，否则银杏都变不漂亮了…….JPG"},{"introduction":"准备好羽绒服，下周要零下了。","title":"2015-11-20","url":"2015-11-20-准备好羽绒服，下周要零下了。.JPG"},{"introduction":"十月冬风不见凉-满地银杏黄-惨惨戚戚幽怨雨-我在改文章。","title":"2015-11-23","url":"2015-11-23-十月冬风不见凉-满地银杏黄-惨惨戚戚幽怨雨-我在改文章。.JPG"},{"introduction":"成长大概分成十年的喜欢，十年的不喜欢，十年的不得不喜欢。再往后，就看这个人的造化了——《谁的人生都是负重的飞行》","title":"2015-11-25","url":"2015-11-25-成长大概分成十年的喜欢，十年的不喜欢，十年的不得不喜欢。再往后，就看这个人的造化了——《谁的人生都是负重的飞行》.JPG"},{"introduction":"男人又老又丑不要紧，最重要的是要有才华——《谢洛特烦恼》","title":"2015-11-27","url":"2015-11-27-男人又老又丑不要紧，最重要的是要有才华——《谢洛特烦恼》.JPG"},{"introduction":"但愿在你的生命里，他出现了你能欢迎，他消失了你也能快乐","title":"2015-11-28","url":"2015-11-28-但愿在你的生命里，他出现了你能欢迎，他消失了你也能快乐.JPG"},{"introduction":"今年上海的冬天沾了些北方冬天的爽快，夹杂着淡淡的寂寥感，适合静静地改文章。","title":"2015-12-04","url":"2015-12-04-今年上海的冬天沾了些北方冬天的爽快，夹杂着淡淡的寂寥感，适合静静地改文章。.JPG"},{"introduction":"最开心的，是多少年后-我们又碰到了一起-你依然谈吐高傲-怀有看似不切实际的梦想-我毫无顾忌地给你一拳-就像时光从未在你我身上流淌。","title":"2015-12-09","url":"2015-12-09-最开心的，是多少年后-我们又碰到了一起-你依然谈吐高傲-怀有看似不切实际的梦想-我毫无顾忌地给你一拳-就像时光从未在你我身上流淌。.JPG"},{"introduction":"友好的世界","title":"2015-12-10","url":"2015-12-10-友好的世界.JPG"},{"introduction":"蜗牛的羁绊不是壳，而是树荫外的蓝天；就像某些人的羁绊不是婚姻，而是生活中的陪伴。","title":"2015-12-13","url":"2015-12-13-蜗牛的羁绊不是壳，而是树荫外的蓝天；就像某些人的羁绊不是婚姻，而是生活中的陪伴。.JPG"},{"introduction":"与认真对待人生的人交流所能体会到的东西，比起游览十个地方擦肩几万张陌生人的脸所能体会到的东西多得多。","title":"2015-12-14","url":"2015-12-14-与认真对待人生的人交流所能体会到的东西，比起游览十个地方擦肩几万张陌生人的脸所能体会到的东西多得多。.JPG"},{"introduction":"虽然某些时候说什么也没用，但至少要表现得像个乐天派","title":"2015-12-19","url":"2015-12-19-虽然某些时候说什么也没用，但至少要表现得像个乐天派.JPG"},{"introduction":"没有哪一种品质比独立更具活力，没有哪一种品质比独立更具魅","title":"2015-12-21","url":"2015-12-21-没有哪一种品质比独立更具活力，没有哪一种品质比独立更具魅.JPG"},{"introduction":"","title":"2015-12-22","url":"2015-12-22-.JPG"},{"introduction":"情商低的孩子","title":"2015-12-25","url":"2015-12-25-情商低的孩子.JPG"},{"introduction":"探戈里无所谓错步的，要是踏错步或绊倒了，继续跳——《闻香识女人》","title":"2015-12-27","url":"2015-12-27-探戈里无所谓错步的，要是踏错步或绊倒了，继续跳——《闻香识女人》.JPG"},{"introduction":"对于生活，我不会认真的-但我会认真地对待我喜欢的人和我喜欢的事业-最后任谁要离开-也就没有伤心的泪水","title":"2015-12-30","url":"2015-12-30-对于生活，我不会认真的-但我会认真地对待我喜欢的人和我喜欢的事业-最后任谁要离开-也就没有伤心的泪水.JPG"},{"introduction":"社交，永远都不应是利用便利的APP软件把人隔离在不同的盒子里，而应该是促使待在不同盒子里的人走到一起从而碰撞出智慧的火花。","title":"2015-12-31","url":"2015-12-31-社交，永远都不应是利用便利的APP软件把人隔离在不同的盒子里，而应该是促使待在不同盒子里的人走到一起从而碰撞出智慧的火花。.JPG"},{"introduction":"像他们这般喜欢折腾的孩子-总有一天会变成我们的模样-只愿那个时候-你我会成为释怀的老男人-快乐地传授着过往-《每个婴儿都已历尽沧桑》","title":"2016-01-02","url":"2016-01-02-像他们这般喜欢折腾的孩子-总有一天会变成我们的模样-只愿那个时候-你我会成为释怀的老男人-快乐地传授着过往-《每个婴儿都已历尽沧桑》.JPG"},{"introduction":"青春最大的标志是坚决不承认失败，历经挫折，初心不改。","title":"2016-01-07","url":"2016-01-07-青春最大的标志是坚决不承认失败，历经挫折，初心不改。.png"},{"introduction":"有些事和人，错过了就让Ta过去吧；不要自暴自弃，不要妄自菲薄，努力，进取~","title":"2016-01-11","url":"2016-01-11-有些事和人，错过了就让Ta过去吧；不要自暴自弃，不要妄自菲薄，努力，进取~.JPG"},{"introduction":"","title":"2016-01-12","url":"2016-01-12-.JPG"},{"introduction":"假期就是换个地方学习","title":"2016-01-31","url":"2016-01-31-假期就是换个地方学习.JPG"},{"introduction":"天天循环播放小李的《理性与感性作品音乐会》，也是醉了","title":"2016-02-04","url":"2016-02-04-天天循环播放小李的《理性与感性作品音乐会》，也是醉了.JPG"},{"introduction":"在我看来，两个人的情谊是红包无法象征的，倒不如花半分钟回忆一下彼此之间的故事来的实在。多陪家人晒晒太阳，讲讲过去一年的故事，讲讲故事里面的人，就挺好~","title":"2016-02-08","url":"2016-02-08-在我看来，两个人的情谊是红包无法象征的，倒不如花半分钟回忆一下彼此之间的故事来的实在。多陪家人晒晒太阳，讲讲过去一年的故事，讲讲故事里面的人，就挺好~.JPG"},{"introduction":"老人家警告说好姑娘都被会说话的小伙追走了；年轻人瞪着眼睛说不出话来……","title":"2016-02-09","url":"2016-02-09-老人家警告说好姑娘都被会说话的小伙追走了；年轻人瞪着眼睛说不出话来…….JPG"},{"introduction":"外甥和外甥女一旦出生，会姥姥家的时候可以抢舅舅的风头，尤其是没成家舅舅的风头...","title":"2016-02-10","url":"2016-02-10-外甥和外甥女一旦出生，会姥姥家的时候可以抢舅舅的风头，尤其是没成家舅舅的风头....JPG"},{"introduction":"闺女一旦出嫁，档次就高了，回娘家的时候可以抢兄弟的风头，尤其是没成家兄弟的风头","title":"2016-02-10","url":"2016-02-10-闺女一旦出嫁，档次就高了，回娘家的时候可以抢兄弟的风头，尤其是没成家兄弟的风头.JPG"},{"introduction":"从过去五天的天象看，今年适合恋爱、嫁娶、生娃，易升职、加薪、毕业，猴年到了，马月也不远了，是时候迎接惊喜了~","title":"2016-02-12","url":"2016-02-12-从过去五天的天象看，今年适合恋爱、嫁娶、生娃，易升职、加薪、毕业，猴年到了，马月也不远了，是时候迎接惊喜了~.JPG"},{"introduction":"每一个单身汪都有一颗追求完美的心。","title":"2016-02-14","url":"2016-02-14-每一个单身汪都有一颗追求完美的心。.JPG"},{"introduction":"听了一年的故事，基本上都是讲勤奋、勇敢、踏实致Fu的道理。传承着父辈的精神，怀着对美好未来的憧憬，假期终于要告一段落，终于可以安心付出了...","title":"2016-02-14","url":"2016-02-14-听了一年的故事，基本上都是讲勤奋、勇敢、踏实致Fu的道理。传承着父辈的精神，怀着对美好未来的憧憬，假期终于要告一段落，终于可以安心付出了....JPG"},{"introduction":"新年伊始栽了个大跟头，雪姐姐安慰说，一年的日子太长了，不如从最坏的开始，慢慢变好，丰收过年。","title":"2016-02-16","url":"2016-02-16-新年伊始栽了个大跟头，雪姐姐安慰说，一年的日子太长了，不如从最坏的开始，慢慢变好，丰收过年。.JPG"},{"introduction":"1","title":"2016-02-19","url":"2016-02-19-1.JPG"},{"introduction":"2","title":"2016-02-19","url":"2016-02-19-2.JPG"},{"introduction":"3","title":"2016-02-19","url":"2016-02-19-3.JPG"},{"introduction":"","title":"2016-02-22","url":"2016-02-22-.JPG"},{"introduction":"1","title":"2016-02-22","url":"2016-02-22-1.JPG"},{"introduction":"自画像2","title":"2016-02-22","url":"2016-02-22-自画像2.JPG"},{"introduction":"","title":"2016-02-23","url":"2016-02-23-.JPG"},{"introduction":"2","title":"2016-02-23","url":"2016-02-23-2.JPG"},{"introduction":"3","title":"2016-02-23","url":"2016-02-23-3.JPG"},{"introduction":"4","title":"2016-02-23","url":"2016-02-23-4.JPG"},{"introduction":"狗趣","title":"2016-02-23","url":"2016-02-23-狗趣.JPG"},{"introduction":"沙滩上的长发美女","title":"2016-02-23","url":"2016-02-23-沙滩上的长发美女.JPG"},{"introduction":"经常锻炼，不要患上不健康的胖。","title":"2016-03-01","url":"2016-03-01-经常锻炼，不要患上不健康的胖。.png"},{"introduction":"时间过得很快，三年果然一眨眼就过去了……","title":"2016-03-03","url":"2016-03-03-时间过得很快，三年果然一眨眼就过去了…….png"},{"introduction":"我见过全学校最美的灯，无论本科学校还是研究生学校，都在浴室的旁边，距离食堂不很远的地方","title":"2016-03-11","url":"2016-03-11-我见过全学校最美的灯，无论本科学校还是研究生学校，都在浴室的旁边，距离食堂不很远的地方.JPG"},{"introduction":"七年之痒，大概就是用了七年的床单被罩枕套再也不能洗干净，需要换新了。","title":"2016-03-12","url":"2016-03-12-七年之痒，大概就是用了七年的床单被罩枕套再也不能洗干净，需要换新了。.png"},{"introduction":"","title":"2016-03-18","url":"2016-03-18-.JPG"},{"introduction":"","title":"2016-03-19","url":"2016-03-19-.JPG"},{"introduction":"1","title":"2016-03-19","url":"2016-03-19-1.JPG"},{"introduction":"你从未提起我们的未来-我也从来都没有说-你从未试着牵起你的手-我也从来不曾闪躲-你在朦胧的记忆力沉醉-我守着成年人的沉默—《默契》","title":"2016-03-19","url":"2016-03-19-你从未提起我们的未来-我也从来都没有说-你从未试着牵起你的手-我也从来不曾闪躲-你在朦胧的记忆力沉醉-我守着成年人的沉默—《默契》.JPG"},{"introduction":"华山论技","title":"2016-03-26","url":"2016-03-26-华山论技.JPG"},{"introduction":"假如生活不总是那么完美，先容我平复一下心情。。。","title":"2016-03-26","url":"2016-03-26-假如生活不总是那么完美，先容我平复一下心情。。。.JPG"},{"introduction":"","title":"2016-03-28","url":"2016-03-28-.JPG"},{"introduction":"1","title":"2016-03-28","url":"2016-03-28-1.JPG"},{"introduction":"像我这种1米7的男生，估计是找不到1米9的女朋友了...","title":"2016-03-28","url":"2016-03-28-像我这种1米7的男生，估计是找不到1米9的女朋友了....JPG"},{"introduction":"毕业前我要半个小型画展，有人阻止我吗…","title":"2016-03-31","url":"2016-03-31-毕业前我要半个小型画展，有人阻止我吗….JPG"}]